{
  "cli": {
    "version": ">= 3.13.3",
    "requireCommit": false,
    "appVersionSource": "remote"
  },
  "build": {
    "development": {
      "developmentClient": true,
      "distribution": "internal",
      "android": {
        "buildType": "apk",
        "gradleCommand": ":app:assembleDebug"
      },
      "env": {
        "APP_ENV": "development"
      }
    },
    "preview": {
      "distribution": "internal",
      "android": {
        "buildType": "apk",
        "image": "latest"
      },
      "env": {
        "APP_ENV": "preview"
      }
    },
    "production": {
      "android": {
        "buildType": "app-bundle",
        "image": "latest"
      },
      "env": {
        "APP_ENV": "production"
      },
      "autoIncrement": true
    }
  },
  "submit": {
    "production": {}
  }
}