{
  "cli": {
    "version": ">= 3.13.3",
    "requireCommit": false
  },
  "build": {
    "development": {
      "developmentClient": true,
      "distribution": "internal",
      "android": {
        "gradleCommand": ":app:assembleDebug",
        "buildType": "apk"
      }
    },
    "preview": {
      "distribution": "internal",
      "android": {
        "gradleCommand": ":app:assembleRelease",
        "buildType": "apk",
        "image": "latest"
      },
      "env": {
        "EXPO_USE_LOCAL_GRADLE_PROPERTIES": "true"
      },
      "cache": {
        "disabled": true
      },
      "ios": {
        "simulator": true
      }
    },
    "production": {
      "android": {
        "buildType": "app-bundle"
      }
    }
  },
  "submit": {
    "production": {}
  }
}